1	Primer Circuito Ciudad de México	1	PRIMER CIRCUITO
2	Segundo Circuito Estado de México	2	SEGUNDO CIRCUITO
3	Tercer Circuito Jalisco	3	TERCER CIRCUITO
4	Cuarto Circuito Nuevo León	4	CUARTO CIRCUITO
5	Quinto Circuito Sonora	5	QUINTO CIRCUITO
6	Sexto Circuito Puebla	6	SEXTO CIRCUITO
7	Séptimo Circuito Veracruz de Ignacio de la Llave	7	SÉPTIMO CIRCUITO
8	Octavo Circuito Coahuila	8	OCTAVO CIRCUITO
9	Noveno Circuito San Luis Potosí	9	NOVENO CIRCUITO
10	Décimo Circuito Tabasco	10	DÉCIMO CIRCUITO
11	Decimoprimer Circuito Michoacán de Ocampo	41	DÉCIMO PRIMER CIRCUITO
12	Decimosegundo Circuito Sinaloa	43	DÉCIMO SEGUNDO CIRCUITO
13	Decimotercer Circuito Oaxaca	46	DÉCIMO TERCER CIRCUITO
14	Decimocuarto Circuito Yucatán	38	DÉCIMO CUARTO CIRCUITO
15	Decimoquinto Circuito Baja California	42	DÉCIMO QUINTO CIRCUITO
16	Decimosexto Circuito Guanuajuato	45	DÉCIMO SEXTO CIRCUITO
17	Decimoséptimo Circuito Chihuahua	44	DÉCIMO SÉPTIMO CIRCUITO
18	Decimoctavo Circuito Morelos	40	DÉCIMO OCTAVO CIRCUITO
19	Decimonoveno Circuito Tamaulipas	39	DÉCIMO NOVENO CIRCUITO
20	Vigésimo Circuito Chiapas	20	VIGÉSIMO CIRCUITO
21	Vigésimo Primer Circuito Guerrero	51	VIGÉSIMO PRIMER CIRCUITO
22	Vigésimo Segundo Circuito Querétaro de Arteaga	53	VIGÉSIMO SEGUNDO CIRCUITO
23	Vigésimo Tercer Circuito Zacatecas	56	VIGÉSIMO TERCER CIRCUITO
24	Vigésimo Cuarto Circuito Nayarit	48	VIGÉSIMO CUARTO CIRCUITO
25	Vigésimo Quinto Circuito Durango	52	VIGÉSIMO QUINTO CIRCUITO
26	Vigésimo Sexto Circuito Baja California Sur	55	VIGÉSIMO SEXTO CIRCUITO
27	Vigésimo Séptimo Circuito Quintana Roo	54	VIGÉSIMO SÉPTIMO CIRCUITO
28	Vigésimo Octavo Circuito Tlaxcala	50	VIGÉSIMO OCTAVO CIRCUITO
29	Vigésimo Noveno Circuito Hidalgo	49	VIGÉSIMO NOVENO CIRCUITO
30	Trigésimo Circuito Aguascalientes	30	TRIGÉSIMO CIRCUITO
31	Trigésimo Primer Circuito Campeche	47	TRIGÉSIMO PRIMER CIRCUITO
32	Trigésimo Segundo Circuito Colima	109	TRIGÉSIMO SEGUNDO CIRCUITO
