125	22800	Apelación
125	22801	Denegada apelación
125	22802	Impedimento (excusa)
125	22803	Impedimento (recusación)
125	22804	Queja
125	22805	Conflicto competencial entre jueces
125	22806	Conflicto de acumulación entre jueces
125	22807	Sumario
125	22808	Conflicto de acumulación
125	22809	Impedimento
125	22810	Otro
126	22450	Apelación
126	22459	Conflicto competencial
126	22455	Conflicto competencial entre jueces
126	22460	Conflicto de acumulación
126	22456	Conflicto de acumulación entre jueces
126	22451	Denegada apelación
126	22461	Impedimento
126	22452	Impedimento (excusa)
126	22453	Impedimento (recusación)
126	22457	Otro
126	22454	Queja
126	22458	Sumario
